servicemen_name,servicemen_id,service_type,location,exp_yrs,num_rating,avg_rating
Abhishek Mishra,SR0048,Electrician,Vashi,9,107,4.2
Rohit Singh,SR0011,Plumber,Vashi,8,141,4.2
Manoj tiwari ,SR0021,Plumber,Kalyan,5,115,4.1
Ajay Yadav,SR0058,Electrician,Kalyan,5,96,4.1
Atul Gupta,SR0053,Electrician,Kalyan,3,100,4.0
Rakesh sarkar,SR0031,Electrician,Thane,7,180,4.0
Amit singh,SR0038,Electrician,Thane,9,165,3.9
Puneet Gupta,SR0057,Electrician,Kalyan,9,111,3.9
Shailendra kumar,SR0035,Electrician,Thane,4,138,3.9
Lalit Kumar,SR0028,Plumber,Kalyan,6,119,3.9
Kaushal kumar,SR0015,Plumber,Vashi,6,152,3.8
Rahul Sharma,SR0025,Plumber,Kalyan,8,122,3.8
Ram Patil,SR0047,Electrician,Vashi,1,103,3.8
Mohan singh,SR0018,Plumber,Vashi,7,110,3.8
Kuhsal Bedi,SR0007,Plumber,Thane,4,103,3.8
Nishant Sharma,SR0052,Electrician,Kalyan,6,105,3.7
Sundar Patel,SR0012,Plumber,Vashi,7,122,3.7
Mukul yadav,SR0022,Plumber,Kalyan,8,114,3.6
Vijay kumar,SR0027,Plumber,Kalyan,9,166,3.6
Manish Sharma,SR0059,Electrician,Kalyan,8,111,3.6
Pintu Mystery,SR0033,Electrician,Thane,5,127,3.6
Shiv Prakash,SR0003,Plumber,Thane,9,93,3.5
Gurmit Singh,SR0009,Plumber,Thane,5,94,3.5
Abhi  Singh,SR0006,Plumber,Thane,12,104,3.4
Vikram Singh,SR0004,Plumber,Thane,10,103,3.4
Rakesh Gupta,SR0050,Electrician,Vashi,2,114,3.4
Shreyas tiwari,SR0037,Electrician,Thane,5,208,3.4
Parvesh gupta,SR0020,Plumber,Vashi,6,116,3.4
Tarun Sharma,SR0054,Electrician,Kalyan,7,104,3.4
Yash gupta,SR0041,Electrician,Vashi,6,161,3.3
Sharat Chandran,SR0002,Plumber,Thane,7,103,3.3
Aman Mehta,SR0045,Electrician,Vashi,8,108,3.3
Rahul singh,SR0034,Electrician,Thane,7,133,3.3
Sanjay Sharma,SR0001,Plumber,Thane,6,119,3.3
Anil kumar,SR0030,Plumber,Kalyan,8,131,3.3
Aditya Kumar,SR0055,Electrician,Kalyan,9,104,3.3
Ankit gupta,SR0024,Plumber,Kalyan,6,130,3.2
Jeet singh,SR0042,Electrician,Vashi,3,119,3.2
Pradeep Singh,SR0014,Plumber,Vashi,4,134,3.2
Deepak arora,SR0040,Electrician,Thane,7,172,3.2
Vijay Verma,SR0044,Electrician,Vashi,4,115,3.1
Rajesh sakpal,SR0019,Plumber,Vashi,3,152,3.1
Sandip Yadav,SR0043,Electrician,Vashi,6,103,3.1
Kailash kumar,SR0026,Plumber,Kalyan,4,105,3.0
Raj gupta,SR0016,Plumber,Vashi,9,103,3.0
Dhruv Patel,SR0056,Electrician,Kalyan,7,110,3.0
Kesar ansari,SR0036,Electrician,Thane,7,135,2.9
Rajeev Bansal,SR0010,Plumber,Thane,10,103,2.9
Piyush Gupta,SR0046,Electrician,Vashi,2,115,2.9
Himanshu gupta,SR0029,Plumber,Kalyan,4,122,2.9
